file	bitstream_sha256	source_and_decoded_sha256
Cs400-d10-64x64-Psnr-bottomupfalse.obu	cc5fb79353167a079dd35a46300398d6e0e9bf91a3d6b528c702d7a4c13bf1a2	bd4f487733420b15727e4ecb2a27bd6206c01e88d96fce3b067a39370a3e93c1
Cs400-d10-64x64-Psnr-bottomuptrue.obu	e23a1f3b16ef28b090f9b1daa3f63c40c609ddd180b35068b9f94fd76f79d57f	bd4f487733420b15727e4ecb2a27bd6206c01e88d96fce3b067a39370a3e93c1
Cs400-d10-64x64-Psychovisual-bottomupfalse.obu	cc5fb79353167a079dd35a46300398d6e0e9bf91a3d6b528c702d7a4c13bf1a2	bd4f487733420b15727e4ecb2a27bd6206c01e88d96fce3b067a39370a3e93c1
Cs400-d10-64x64-Psychovisual-bottomuptrue.obu	e23a1f3b16ef28b090f9b1daa3f63c40c609ddd180b35068b9f94fd76f79d57f	bd4f487733420b15727e4ecb2a27bd6206c01e88d96fce3b067a39370a3e93c1
Cs400-d10-65x67-Psnr-bottomupfalse.obu	d6a6a29c1fa458d29cb793d5c7c40f2fed9c7bd088ca2d335fe29144165b5f58	57dacd1fb897c8d126554f0cc100feb8ebcea02b488ea38fa7575ee66daa5902
Cs400-d10-65x67-Psnr-bottomuptrue.obu	c4cde4fe25abf2c2031abafc455d1612b0742e8d12585c42d40e795385dd72af	57dacd1fb897c8d126554f0cc100feb8ebcea02b488ea38fa7575ee66daa5902
Cs400-d10-65x67-Psychovisual-bottomupfalse.obu	d6a6a29c1fa458d29cb793d5c7c40f2fed9c7bd088ca2d335fe29144165b5f58	57dacd1fb897c8d126554f0cc100feb8ebcea02b488ea38fa7575ee66daa5902
Cs400-d10-65x67-Psychovisual-bottomuptrue.obu	c4cde4fe25abf2c2031abafc455d1612b0742e8d12585c42d40e795385dd72af	57dacd1fb897c8d126554f0cc100feb8ebcea02b488ea38fa7575ee66daa5902
Cs400-d10-67x65-Psnr-bottomupfalse.obu	659ff6bd4367b986ea3e17dbb0a581474dfce73623cb68de8532d1d7ff7965b6	3db6a8d94ba82f1c4b0f6a0025f3f92783e6909e0eab243cf0b1bd040156f87c
Cs400-d10-67x65-Psnr-bottomuptrue.obu	04849100b736634781cd27db8646e8353f11f7a86542b16b766d46220e10c498	3db6a8d94ba82f1c4b0f6a0025f3f92783e6909e0eab243cf0b1bd040156f87c
Cs400-d10-67x65-Psychovisual-bottomupfalse.obu	659ff6bd4367b986ea3e17dbb0a581474dfce73623cb68de8532d1d7ff7965b6	3db6a8d94ba82f1c4b0f6a0025f3f92783e6909e0eab243cf0b1bd040156f87c
Cs400-d10-67x65-Psychovisual-bottomuptrue.obu	04849100b736634781cd27db8646e8353f11f7a86542b16b766d46220e10c498	3db6a8d94ba82f1c4b0f6a0025f3f92783e6909e0eab243cf0b1bd040156f87c
Cs400-d10-68x68-Psnr-bottomupfalse.obu	edb9e7ed8c0f9d3c7645867c14690dd5cfce49f278581824365f191246934f3d	94ddcabb2f7b878ccc8c8d6ba764ad92556a203d223d75eb3ad178f136f04ef6
Cs400-d10-68x68-Psnr-bottomuptrue.obu	cda18e867ab9bc35e92cd35b4ffe728531972bf9933996e18adda2c68e4e93bf	94ddcabb2f7b878ccc8c8d6ba764ad92556a203d223d75eb3ad178f136f04ef6
Cs400-d10-68x68-Psychovisual-bottomupfalse.obu	edb9e7ed8c0f9d3c7645867c14690dd5cfce49f278581824365f191246934f3d	94ddcabb2f7b878ccc8c8d6ba764ad92556a203d223d75eb3ad178f136f04ef6
Cs400-d10-68x68-Psychovisual-bottomuptrue.obu	cda18e867ab9bc35e92cd35b4ffe728531972bf9933996e18adda2c68e4e93bf	94ddcabb2f7b878ccc8c8d6ba764ad92556a203d223d75eb3ad178f136f04ef6
Cs400-d12-64x64-Psnr-bottomupfalse.obu	33cad7d5da7db94048c17a614209d7d7785fb7aca588d543ab5aa82d1b27a34e	3839d328986e487779f941243e546accfc413942dacb99b9c2cb304a85d37131
Cs400-d12-64x64-Psnr-bottomuptrue.obu	cc731a8b076a91e8e115eec345c54767a010f70e069da26078bba59268b21826	3839d328986e487779f941243e546accfc413942dacb99b9c2cb304a85d37131
Cs400-d12-64x64-Psychovisual-bottomupfalse.obu	33cad7d5da7db94048c17a614209d7d7785fb7aca588d543ab5aa82d1b27a34e	3839d328986e487779f941243e546accfc413942dacb99b9c2cb304a85d37131
Cs400-d12-64x64-Psychovisual-bottomuptrue.obu	cc731a8b076a91e8e115eec345c54767a010f70e069da26078bba59268b21826	3839d328986e487779f941243e546accfc413942dacb99b9c2cb304a85d37131
Cs400-d12-65x67-Psnr-bottomupfalse.obu	0f5a2ef59b3fee5455bb5d28ab98faf36b86d9c44af7c6121700f0da1fd88940	30bc60bef03c4179ce2b2815520aff5e57e4c02b255c364ec6c4250fca1937a2
Cs400-d12-65x67-Psnr-bottomuptrue.obu	9b51b81dc5c0a7e9581dd3e94acece72730df8add6e9e6665bc0d9fb365b1c56	30bc60bef03c4179ce2b2815520aff5e57e4c02b255c364ec6c4250fca1937a2
Cs400-d12-65x67-Psychovisual-bottomupfalse.obu	0f5a2ef59b3fee5455bb5d28ab98faf36b86d9c44af7c6121700f0da1fd88940	30bc60bef03c4179ce2b2815520aff5e57e4c02b255c364ec6c4250fca1937a2
Cs400-d12-65x67-Psychovisual-bottomuptrue.obu	9b51b81dc5c0a7e9581dd3e94acece72730df8add6e9e6665bc0d9fb365b1c56	30bc60bef03c4179ce2b2815520aff5e57e4c02b255c364ec6c4250fca1937a2
Cs400-d12-67x65-Psnr-bottomupfalse.obu	cd871570ce807c7799abeeafeeae4840b1295a986a5c33907e50d8253e8d4445	f57596c4459d092425ae53d0ab2031a6a10028761d4566fc6eccde944f3c3847
Cs400-d12-67x65-Psnr-bottomuptrue.obu	18d17f4d6f1151d4457e26fd59fc08880062e2427acf3a9bb7f5694cc083127e	f57596c4459d092425ae53d0ab2031a6a10028761d4566fc6eccde944f3c3847
Cs400-d12-67x65-Psychovisual-bottomupfalse.obu	cd871570ce807c7799abeeafeeae4840b1295a986a5c33907e50d8253e8d4445	f57596c4459d092425ae53d0ab2031a6a10028761d4566fc6eccde944f3c3847
Cs400-d12-67x65-Psychovisual-bottomuptrue.obu	18d17f4d6f1151d4457e26fd59fc08880062e2427acf3a9bb7f5694cc083127e	f57596c4459d092425ae53d0ab2031a6a10028761d4566fc6eccde944f3c3847
Cs400-d12-68x68-Psnr-bottomupfalse.obu	3f709ad84f4cf80c64b6cebcab124368f20f7fd9286eab171bcd78ec305485e6	828fa784c5663df8ef3f55d8ee7d5d24d8bb6f6d86f018dc894e8eac38ddabcb
Cs400-d12-68x68-Psnr-bottomuptrue.obu	e99153bc206c6377fc128d4c8387a47af393f20275ae9d42d581013c77ed1c2d	828fa784c5663df8ef3f55d8ee7d5d24d8bb6f6d86f018dc894e8eac38ddabcb
Cs400-d12-68x68-Psychovisual-bottomupfalse.obu	3f709ad84f4cf80c64b6cebcab124368f20f7fd9286eab171bcd78ec305485e6	828fa784c5663df8ef3f55d8ee7d5d24d8bb6f6d86f018dc894e8eac38ddabcb
Cs400-d12-68x68-Psychovisual-bottomuptrue.obu	e99153bc206c6377fc128d4c8387a47af393f20275ae9d42d581013c77ed1c2d	828fa784c5663df8ef3f55d8ee7d5d24d8bb6f6d86f018dc894e8eac38ddabcb
Cs400-d8-64x64-Psnr-bottomupfalse.obu	a268b7b5be979773d5f0368d380c6755dd115b5409c22d727db11d722c344525	1325e50f6236fb1356518145375a3dd1d3c8fcac378999ad07da347312471a66
Cs400-d8-64x64-Psnr-bottomuptrue.obu	d64f816e6977db4f5bc722f601513b6832236242262307b5aa50bf3434438311	1325e50f6236fb1356518145375a3dd1d3c8fcac378999ad07da347312471a66
Cs400-d8-64x64-Psychovisual-bottomupfalse.obu	a268b7b5be979773d5f0368d380c6755dd115b5409c22d727db11d722c344525	1325e50f6236fb1356518145375a3dd1d3c8fcac378999ad07da347312471a66
Cs400-d8-64x64-Psychovisual-bottomuptrue.obu	d64f816e6977db4f5bc722f601513b6832236242262307b5aa50bf3434438311	1325e50f6236fb1356518145375a3dd1d3c8fcac378999ad07da347312471a66
Cs400-d8-65x67-Psnr-bottomupfalse.obu	0d02fcc21e5fd48eb2e8cf2fca66fdd4cdf616d145afa836d6ec96990114e335	1bdfa2af89c0f66cbccdc56b8698b035eaf5194f389f0c6a070c1e6bd971dd9a
Cs400-d8-65x67-Psnr-bottomuptrue.obu	0284bc3f23dd7cccc5b594976659678c00dfb90fb564e0b7206e63e51bc9f4dc	1bdfa2af89c0f66cbccdc56b8698b035eaf5194f389f0c6a070c1e6bd971dd9a
Cs400-d8-65x67-Psychovisual-bottomupfalse.obu	0d02fcc21e5fd48eb2e8cf2fca66fdd4cdf616d145afa836d6ec96990114e335	1bdfa2af89c0f66cbccdc56b8698b035eaf5194f389f0c6a070c1e6bd971dd9a
Cs400-d8-65x67-Psychovisual-bottomuptrue.obu	0284bc3f23dd7cccc5b594976659678c00dfb90fb564e0b7206e63e51bc9f4dc	1bdfa2af89c0f66cbccdc56b8698b035eaf5194f389f0c6a070c1e6bd971dd9a
Cs400-d8-67x65-Psnr-bottomupfalse.obu	87ef229462eb240741cb0b86907d4f82638eef0a878c50a2cfc9eab30e00d1ef	b88bcef5f10ba05b321239c0c9ad9839ba7ff6ef24a0d8f21ec85f865de87f5a
Cs400-d8-67x65-Psnr-bottomuptrue.obu	2f4f54bfb0ac0560a866cba6102ce9f38e2027cf687339a0ebed517b99f627d5	b88bcef5f10ba05b321239c0c9ad9839ba7ff6ef24a0d8f21ec85f865de87f5a
Cs400-d8-67x65-Psychovisual-bottomupfalse.obu	87ef229462eb240741cb0b86907d4f82638eef0a878c50a2cfc9eab30e00d1ef	b88bcef5f10ba05b321239c0c9ad9839ba7ff6ef24a0d8f21ec85f865de87f5a
Cs400-d8-67x65-Psychovisual-bottomuptrue.obu	2f4f54bfb0ac0560a866cba6102ce9f38e2027cf687339a0ebed517b99f627d5	b88bcef5f10ba05b321239c0c9ad9839ba7ff6ef24a0d8f21ec85f865de87f5a
Cs400-d8-68x68-Psnr-bottomupfalse.obu	817dc421d5e460c37782e7cf6406765137a4527adc4fe720061535ff3557f377	77749ce19b357a1a1957ebac7ac91e6673c83e44fff59d8e30d01fa2ffddc81a
Cs400-d8-68x68-Psnr-bottomuptrue.obu	d24b7d069580018c440a8da19cc9ac15034b847179dffe39bd6650fa22fe5d60	77749ce19b357a1a1957ebac7ac91e6673c83e44fff59d8e30d01fa2ffddc81a
Cs400-d8-68x68-Psychovisual-bottomupfalse.obu	817dc421d5e460c37782e7cf6406765137a4527adc4fe720061535ff3557f377	77749ce19b357a1a1957ebac7ac91e6673c83e44fff59d8e30d01fa2ffddc81a
Cs400-d8-68x68-Psychovisual-bottomuptrue.obu	d24b7d069580018c440a8da19cc9ac15034b847179dffe39bd6650fa22fe5d60	77749ce19b357a1a1957ebac7ac91e6673c83e44fff59d8e30d01fa2ffddc81a
Cs420-d10-64x64-Psnr-bottomupfalse.obu	78bacc27840bfe65ddd424eeab6d6d0da421c5b68f35b0a2669128b07c3b302a	8784845db583720addea49f556d9595661495113b3ccb6b6049a404204ee6d79
Cs420-d10-64x64-Psnr-bottomuptrue.obu	0f61121bd3f9d794c4484e8ef4170ba3b821720d5444bf3bd1097eaf7d1d81cd	8784845db583720addea49f556d9595661495113b3ccb6b6049a404204ee6d79
Cs420-d10-64x64-Psychovisual-bottomupfalse.obu	78bacc27840bfe65ddd424eeab6d6d0da421c5b68f35b0a2669128b07c3b302a	8784845db583720addea49f556d9595661495113b3ccb6b6049a404204ee6d79
Cs420-d10-64x64-Psychovisual-bottomuptrue.obu	0f61121bd3f9d794c4484e8ef4170ba3b821720d5444bf3bd1097eaf7d1d81cd	8784845db583720addea49f556d9595661495113b3ccb6b6049a404204ee6d79
Cs420-d10-65x67-Psnr-bottomupfalse.obu	6e189100427d75c9645d658548d756404f07f0d3475ce72eebf6b522549590e1	dd0f1ca6501f9e4ffe18fdce8e35fbb2a00c5dff82867466ca2e77180b05da5f
Cs420-d10-65x67-Psnr-bottomuptrue.obu	aecb334f21e95f14d665fe613d2a1db0de1ce5278f94240589879c10c299f741	dd0f1ca6501f9e4ffe18fdce8e35fbb2a00c5dff82867466ca2e77180b05da5f
Cs420-d10-65x67-Psychovisual-bottomupfalse.obu	6e189100427d75c9645d658548d756404f07f0d3475ce72eebf6b522549590e1	dd0f1ca6501f9e4ffe18fdce8e35fbb2a00c5dff82867466ca2e77180b05da5f
Cs420-d10-65x67-Psychovisual-bottomuptrue.obu	aecb334f21e95f14d665fe613d2a1db0de1ce5278f94240589879c10c299f741	dd0f1ca6501f9e4ffe18fdce8e35fbb2a00c5dff82867466ca2e77180b05da5f
Cs420-d10-67x65-Psnr-bottomupfalse.obu	9dd2d9621f09010e4b97c9ff8a1b3b54689af35b23688ebf629879322e9e7715	2219a20158091b1f09826268b6fef9f043222a81698c213d5a9b65a3eed1f57f
Cs420-d10-67x65-Psnr-bottomuptrue.obu	8a1f90e88f296195947f125ec13e4c05165239bfbe68f1b04cbb40ca4f300a15	2219a20158091b1f09826268b6fef9f043222a81698c213d5a9b65a3eed1f57f
Cs420-d10-67x65-Psychovisual-bottomupfalse.obu	9dd2d9621f09010e4b97c9ff8a1b3b54689af35b23688ebf629879322e9e7715	2219a20158091b1f09826268b6fef9f043222a81698c213d5a9b65a3eed1f57f
Cs420-d10-67x65-Psychovisual-bottomuptrue.obu	8a1f90e88f296195947f125ec13e4c05165239bfbe68f1b04cbb40ca4f300a15	2219a20158091b1f09826268b6fef9f043222a81698c213d5a9b65a3eed1f57f
Cs420-d10-68x68-Psnr-bottomupfalse.obu	71f5de056325c24d9c44dd1da84b365ecf9f5bd6251cfd12fc2a1d27bfd1b879	15f2e22872e651d4cda4795378ce6eba399ff9c0398910c9febc85fbbd983f63
Cs420-d10-68x68-Psnr-bottomuptrue.obu	796656efc2f6896c78eb02e57c73b2e5012479ad519ad2c436300a261cde6422	15f2e22872e651d4cda4795378ce6eba399ff9c0398910c9febc85fbbd983f63
Cs420-d10-68x68-Psychovisual-bottomupfalse.obu	71f5de056325c24d9c44dd1da84b365ecf9f5bd6251cfd12fc2a1d27bfd1b879	15f2e22872e651d4cda4795378ce6eba399ff9c0398910c9febc85fbbd983f63
Cs420-d10-68x68-Psychovisual-bottomuptrue.obu	796656efc2f6896c78eb02e57c73b2e5012479ad519ad2c436300a261cde6422	15f2e22872e651d4cda4795378ce6eba399ff9c0398910c9febc85fbbd983f63
Cs420-d12-64x64-Psnr-bottomupfalse.obu	e0c426959ac342dce4345486f15020789b0dd612000b18ab81a1d647535c4f6a	1f4c84b85a618198d2251fd896f132f36c76ed63b0f8df8de98fcc3594662478
Cs420-d12-64x64-Psnr-bottomuptrue.obu	488ce5858cf459874aaeb29dffc890b56a5034e1269a40e61c936bc5c31676b3	1f4c84b85a618198d2251fd896f132f36c76ed63b0f8df8de98fcc3594662478
Cs420-d12-64x64-Psychovisual-bottomupfalse.obu	e0c426959ac342dce4345486f15020789b0dd612000b18ab81a1d647535c4f6a	1f4c84b85a618198d2251fd896f132f36c76ed63b0f8df8de98fcc3594662478
Cs420-d12-64x64-Psychovisual-bottomuptrue.obu	488ce5858cf459874aaeb29dffc890b56a5034e1269a40e61c936bc5c31676b3	1f4c84b85a618198d2251fd896f132f36c76ed63b0f8df8de98fcc3594662478
Cs420-d12-65x67-Psnr-bottomupfalse.obu	96920f39cb04b694bee7dba9f17befa744b0a394ac7e50b4b12c65b8c36ac096	a019368ef6c2a2b91adc546c652fbdb2f8685d95d9dd684901a05babc9e4cabe
Cs420-d12-65x67-Psnr-bottomuptrue.obu	5122c126975b7d7f1a68272a5c5e31a357b1af560fe4d99ba0e557a9be82ad6f	a019368ef6c2a2b91adc546c652fbdb2f8685d95d9dd684901a05babc9e4cabe
Cs420-d12-65x67-Psychovisual-bottomupfalse.obu	96920f39cb04b694bee7dba9f17befa744b0a394ac7e50b4b12c65b8c36ac096	a019368ef6c2a2b91adc546c652fbdb2f8685d95d9dd684901a05babc9e4cabe
Cs420-d12-65x67-Psychovisual-bottomuptrue.obu	5122c126975b7d7f1a68272a5c5e31a357b1af560fe4d99ba0e557a9be82ad6f	a019368ef6c2a2b91adc546c652fbdb2f8685d95d9dd684901a05babc9e4cabe
Cs420-d12-67x65-Psnr-bottomupfalse.obu	4e8046aa494715e31f76b0c8489411cae1e5765dc9751e22e3c69b49b5efa169	282ed920ef2f9a4229aad259c1f87f07546afaf2891e739b081d9ee25579e58d
Cs420-d12-67x65-Psnr-bottomuptrue.obu	095b8a0e9c3beccb6319a1725360135c864e87852bcc052dd6dcddb8b1bedb46	282ed920ef2f9a4229aad259c1f87f07546afaf2891e739b081d9ee25579e58d
Cs420-d12-67x65-Psychovisual-bottomupfalse.obu	4e8046aa494715e31f76b0c8489411cae1e5765dc9751e22e3c69b49b5efa169	282ed920ef2f9a4229aad259c1f87f07546afaf2891e739b081d9ee25579e58d
Cs420-d12-67x65-Psychovisual-bottomuptrue.obu	095b8a0e9c3beccb6319a1725360135c864e87852bcc052dd6dcddb8b1bedb46	282ed920ef2f9a4229aad259c1f87f07546afaf2891e739b081d9ee25579e58d
Cs420-d12-68x68-Psnr-bottomupfalse.obu	133d5fef3c8ec5cd78abe6b2829e6228d57f25ddef928ea3251f50f940a89c3e	3322fae1ec6edbd40fbc898daecaa51e3a6d98063d6ac97759092aff520c30fe
Cs420-d12-68x68-Psnr-bottomuptrue.obu	f645427b0a65d2ed2c41623b87c57c1db964e84cbf66759abd1c4ad117644c83	3322fae1ec6edbd40fbc898daecaa51e3a6d98063d6ac97759092aff520c30fe
Cs420-d12-68x68-Psychovisual-bottomupfalse.obu	133d5fef3c8ec5cd78abe6b2829e6228d57f25ddef928ea3251f50f940a89c3e	3322fae1ec6edbd40fbc898daecaa51e3a6d98063d6ac97759092aff520c30fe
Cs420-d12-68x68-Psychovisual-bottomuptrue.obu	f645427b0a65d2ed2c41623b87c57c1db964e84cbf66759abd1c4ad117644c83	3322fae1ec6edbd40fbc898daecaa51e3a6d98063d6ac97759092aff520c30fe
Cs420-d8-64x64-Psnr-bottomupfalse.obu	18a4913c6babdb7109139dca63d6475a5f56f74e2ee2d3e7ae65ad66fb71a493	5fbc7417dd346ecaf7be7c5beb4cf1b9b83d8005fe6642850aff7ebb7098642f
Cs420-d8-64x64-Psnr-bottomuptrue.obu	881736e37204767d5075b2981b2b6b1f675a01466c1d8f8315476c503f8b9300	5fbc7417dd346ecaf7be7c5beb4cf1b9b83d8005fe6642850aff7ebb7098642f
Cs420-d8-64x64-Psychovisual-bottomupfalse.obu	18a4913c6babdb7109139dca63d6475a5f56f74e2ee2d3e7ae65ad66fb71a493	5fbc7417dd346ecaf7be7c5beb4cf1b9b83d8005fe6642850aff7ebb7098642f
Cs420-d8-64x64-Psychovisual-bottomuptrue.obu	881736e37204767d5075b2981b2b6b1f675a01466c1d8f8315476c503f8b9300	5fbc7417dd346ecaf7be7c5beb4cf1b9b83d8005fe6642850aff7ebb7098642f
Cs420-d8-65x67-Psnr-bottomupfalse.obu	32564b2761624dfb32a63c162930b28d69fd8525828d889c07c19edca16ee427	2aeb5ec1901ac49035c721e02a8e7430330fb1327828003a7071e0b60c46b43e
Cs420-d8-65x67-Psnr-bottomuptrue.obu	8528086f36addb45b8e67924fd2d93b6d04171dcf89e8100e85a16033658876e	2aeb5ec1901ac49035c721e02a8e7430330fb1327828003a7071e0b60c46b43e
Cs420-d8-65x67-Psychovisual-bottomupfalse.obu	32564b2761624dfb32a63c162930b28d69fd8525828d889c07c19edca16ee427	2aeb5ec1901ac49035c721e02a8e7430330fb1327828003a7071e0b60c46b43e
Cs420-d8-65x67-Psychovisual-bottomuptrue.obu	8528086f36addb45b8e67924fd2d93b6d04171dcf89e8100e85a16033658876e	2aeb5ec1901ac49035c721e02a8e7430330fb1327828003a7071e0b60c46b43e
Cs420-d8-67x65-Psnr-bottomupfalse.obu	0735af2c0b8105dc559bec85e4be153f321724209f8645e47392dabf04361956	547a3a93de7c6e209bcba3cecd19843e561a8005e56ba305ea065faa8528c746
Cs420-d8-67x65-Psnr-bottomuptrue.obu	20ce9be882bdfbbcb4476cb853adba90f2bf20483ba387e4be3d04825d654b6c	547a3a93de7c6e209bcba3cecd19843e561a8005e56ba305ea065faa8528c746
Cs420-d8-67x65-Psychovisual-bottomupfalse.obu	0735af2c0b8105dc559bec85e4be153f321724209f8645e47392dabf04361956	547a3a93de7c6e209bcba3cecd19843e561a8005e56ba305ea065faa8528c746
Cs420-d8-67x65-Psychovisual-bottomuptrue.obu	20ce9be882bdfbbcb4476cb853adba90f2bf20483ba387e4be3d04825d654b6c	547a3a93de7c6e209bcba3cecd19843e561a8005e56ba305ea065faa8528c746
Cs420-d8-68x68-Psnr-bottomupfalse.obu	6871ed8b069385ca03118eb223af27c4f47864fe9ac6441acf85746541dd8c7b	a0873cb55aa87d8c6ec2e8ee68ddeeeee47903f19ad94e5cff3ce0804de0df26
Cs420-d8-68x68-Psnr-bottomuptrue.obu	92880340f2b21fd66d3400b6d4db3f4adbe4c44e65d909158d45c99995a5b4a3	a0873cb55aa87d8c6ec2e8ee68ddeeeee47903f19ad94e5cff3ce0804de0df26
Cs420-d8-68x68-Psychovisual-bottomupfalse.obu	6871ed8b069385ca03118eb223af27c4f47864fe9ac6441acf85746541dd8c7b	a0873cb55aa87d8c6ec2e8ee68ddeeeee47903f19ad94e5cff3ce0804de0df26
Cs420-d8-68x68-Psychovisual-bottomuptrue.obu	92880340f2b21fd66d3400b6d4db3f4adbe4c44e65d909158d45c99995a5b4a3	a0873cb55aa87d8c6ec2e8ee68ddeeeee47903f19ad94e5cff3ce0804de0df26
Cs444-d10-64x64-Psnr-bottomupfalse.obu	9a5ddae7c08ec4916e30936894b4c01d9c0252d08622d0d9f673f70969dc5e78	b585437a37bb3a28742e97791c9fcc50fbbb3fe594a6fbac402f47966a708991
Cs444-d10-64x64-Psnr-bottomuptrue.obu	21c25d6eb02c856339397dc4db71d9bb146149df4e6196d70816d1874a2caf97	b585437a37bb3a28742e97791c9fcc50fbbb3fe594a6fbac402f47966a708991
Cs444-d10-64x64-Psychovisual-bottomupfalse.obu	9a5ddae7c08ec4916e30936894b4c01d9c0252d08622d0d9f673f70969dc5e78	b585437a37bb3a28742e97791c9fcc50fbbb3fe594a6fbac402f47966a708991
Cs444-d10-64x64-Psychovisual-bottomuptrue.obu	21c25d6eb02c856339397dc4db71d9bb146149df4e6196d70816d1874a2caf97	b585437a37bb3a28742e97791c9fcc50fbbb3fe594a6fbac402f47966a708991
Cs444-d10-65x67-Psnr-bottomupfalse.obu	2f37af092d40d8a744f1d95d50fa9da69464bedc956e950ddf11dfccdedc0e6b	9d6ce54206ab3c5e7caf5b115d95720453b6246ef33e839e71d3a5a0d7ad954f
Cs444-d10-65x67-Psnr-bottomuptrue.obu	2f37af092d40d8a744f1d95d50fa9da69464bedc956e950ddf11dfccdedc0e6b	9d6ce54206ab3c5e7caf5b115d95720453b6246ef33e839e71d3a5a0d7ad954f
Cs444-d10-65x67-Psychovisual-bottomupfalse.obu	2f37af092d40d8a744f1d95d50fa9da69464bedc956e950ddf11dfccdedc0e6b	9d6ce54206ab3c5e7caf5b115d95720453b6246ef33e839e71d3a5a0d7ad954f
Cs444-d10-65x67-Psychovisual-bottomuptrue.obu	2f37af092d40d8a744f1d95d50fa9da69464bedc956e950ddf11dfccdedc0e6b	9d6ce54206ab3c5e7caf5b115d95720453b6246ef33e839e71d3a5a0d7ad954f
Cs444-d10-67x65-Psnr-bottomupfalse.obu	7ba5ff2bdbb4bd3724b4f452391c47f61ad21732b1e0608e788acce3b17978c5	95306e556dba8b2ad1f33011daa170f912969093cd0786dfa98235669407de7c
Cs444-d10-67x65-Psnr-bottomuptrue.obu	7ba5ff2bdbb4bd3724b4f452391c47f61ad21732b1e0608e788acce3b17978c5	95306e556dba8b2ad1f33011daa170f912969093cd0786dfa98235669407de7c
Cs444-d10-67x65-Psychovisual-bottomupfalse.obu	7ba5ff2bdbb4bd3724b4f452391c47f61ad21732b1e0608e788acce3b17978c5	95306e556dba8b2ad1f33011daa170f912969093cd0786dfa98235669407de7c
Cs444-d10-67x65-Psychovisual-bottomuptrue.obu	7ba5ff2bdbb4bd3724b4f452391c47f61ad21732b1e0608e788acce3b17978c5	95306e556dba8b2ad1f33011daa170f912969093cd0786dfa98235669407de7c
Cs444-d10-68x68-Psnr-bottomupfalse.obu	dc7c9c3e3c9c9259186c5a0af62c2ca668a162e95ae19aa4cd466f7d9002c2af	032514ed7e0e6d19ec232fe1e07c14c4b7811d4ae05409d987fc9c4ae1a41ea9
Cs444-d10-68x68-Psnr-bottomuptrue.obu	dc7c9c3e3c9c9259186c5a0af62c2ca668a162e95ae19aa4cd466f7d9002c2af	032514ed7e0e6d19ec232fe1e07c14c4b7811d4ae05409d987fc9c4ae1a41ea9
Cs444-d10-68x68-Psychovisual-bottomupfalse.obu	dc7c9c3e3c9c9259186c5a0af62c2ca668a162e95ae19aa4cd466f7d9002c2af	032514ed7e0e6d19ec232fe1e07c14c4b7811d4ae05409d987fc9c4ae1a41ea9
Cs444-d10-68x68-Psychovisual-bottomuptrue.obu	dc7c9c3e3c9c9259186c5a0af62c2ca668a162e95ae19aa4cd466f7d9002c2af	032514ed7e0e6d19ec232fe1e07c14c4b7811d4ae05409d987fc9c4ae1a41ea9
Cs444-d12-64x64-Psnr-bottomupfalse.obu	712ebaaf9b301a434ee619e0669fb9f21bde547e4be52fca8d841fd6d557cbb3	4f50ad4fd3aed68632210834288e1a5557e683cd6a03204c9308e919588104c0
Cs444-d12-64x64-Psnr-bottomuptrue.obu	4bddc34c1fd2ef9e16801cb377fd4f865bca20e9c534d77ad1e99ade294ea198	4f50ad4fd3aed68632210834288e1a5557e683cd6a03204c9308e919588104c0
Cs444-d12-64x64-Psychovisual-bottomupfalse.obu	712ebaaf9b301a434ee619e0669fb9f21bde547e4be52fca8d841fd6d557cbb3	4f50ad4fd3aed68632210834288e1a5557e683cd6a03204c9308e919588104c0
Cs444-d12-64x64-Psychovisual-bottomuptrue.obu	4bddc34c1fd2ef9e16801cb377fd4f865bca20e9c534d77ad1e99ade294ea198	4f50ad4fd3aed68632210834288e1a5557e683cd6a03204c9308e919588104c0
Cs444-d12-65x67-Psnr-bottomupfalse.obu	cd8822d0ae7b60b459cd889eaa77ba6d831618db59eb7f578eac10874172f589	1710fe437defd73881f2fb18ce8abc8eb7e3852b114eee513406e280184dca6e
Cs444-d12-65x67-Psnr-bottomuptrue.obu	cd8822d0ae7b60b459cd889eaa77ba6d831618db59eb7f578eac10874172f589	1710fe437defd73881f2fb18ce8abc8eb7e3852b114eee513406e280184dca6e
Cs444-d12-65x67-Psychovisual-bottomupfalse.obu	cd8822d0ae7b60b459cd889eaa77ba6d831618db59eb7f578eac10874172f589	1710fe437defd73881f2fb18ce8abc8eb7e3852b114eee513406e280184dca6e
Cs444-d12-65x67-Psychovisual-bottomuptrue.obu	cd8822d0ae7b60b459cd889eaa77ba6d831618db59eb7f578eac10874172f589	1710fe437defd73881f2fb18ce8abc8eb7e3852b114eee513406e280184dca6e
Cs444-d12-67x65-Psnr-bottomupfalse.obu	93f3c645583c4cb07527a7bb6a5c3ddc8ebb76e246fd9db1be64e2038ff2f682	6810c927e3083a06028ac4134b61d102ada96c847a503fa79746bcf89cb745bb
Cs444-d12-67x65-Psnr-bottomuptrue.obu	93f3c645583c4cb07527a7bb6a5c3ddc8ebb76e246fd9db1be64e2038ff2f682	6810c927e3083a06028ac4134b61d102ada96c847a503fa79746bcf89cb745bb
Cs444-d12-67x65-Psychovisual-bottomupfalse.obu	93f3c645583c4cb07527a7bb6a5c3ddc8ebb76e246fd9db1be64e2038ff2f682	6810c927e3083a06028ac4134b61d102ada96c847a503fa79746bcf89cb745bb
Cs444-d12-67x65-Psychovisual-bottomuptrue.obu	93f3c645583c4cb07527a7bb6a5c3ddc8ebb76e246fd9db1be64e2038ff2f682	6810c927e3083a06028ac4134b61d102ada96c847a503fa79746bcf89cb745bb
Cs444-d12-68x68-Psnr-bottomupfalse.obu	bcfb8944831de871112b21fae51b7eec192ef5a544cd60aee253fec75050cdc2	c23a4b03b392c012602e22f77430e5d65f4ab6937ee9f546c2b8601504476079
Cs444-d12-68x68-Psnr-bottomuptrue.obu	99644d10479cf8711b93a1cd885ed3a1b76b88203bfd6661563dab5ba3da7d7f	c23a4b03b392c012602e22f77430e5d65f4ab6937ee9f546c2b8601504476079
Cs444-d12-68x68-Psychovisual-bottomupfalse.obu	bcfb8944831de871112b21fae51b7eec192ef5a544cd60aee253fec75050cdc2	c23a4b03b392c012602e22f77430e5d65f4ab6937ee9f546c2b8601504476079
Cs444-d12-68x68-Psychovisual-bottomuptrue.obu	99644d10479cf8711b93a1cd885ed3a1b76b88203bfd6661563dab5ba3da7d7f	c23a4b03b392c012602e22f77430e5d65f4ab6937ee9f546c2b8601504476079
Cs444-d8-64x64-Psnr-bottomupfalse.obu	0faf1e77eb02db43ff8a53e29abcaca0d47b7965724ed55b8390809fcdb7ebed	fcbb6414cfb0ddb7d58d06ac39e3cc3e5230ffa4cd90931df3ad0e69105327c4
Cs444-d8-64x64-Psnr-bottomuptrue.obu	e9516e2b5723f0e0b9073980ce57db6870fc23aec35ef228550af06ff17ffe9b	fcbb6414cfb0ddb7d58d06ac39e3cc3e5230ffa4cd90931df3ad0e69105327c4
Cs444-d8-64x64-Psychovisual-bottomupfalse.obu	0faf1e77eb02db43ff8a53e29abcaca0d47b7965724ed55b8390809fcdb7ebed	fcbb6414cfb0ddb7d58d06ac39e3cc3e5230ffa4cd90931df3ad0e69105327c4
Cs444-d8-64x64-Psychovisual-bottomuptrue.obu	e9516e2b5723f0e0b9073980ce57db6870fc23aec35ef228550af06ff17ffe9b	fcbb6414cfb0ddb7d58d06ac39e3cc3e5230ffa4cd90931df3ad0e69105327c4
Cs444-d8-65x67-Psnr-bottomupfalse.obu	5e3ac0cbdcb231b7bcd9ecb150084642c1afd031221cb0c6cda4f4d55d1b8224	14eb6cd139214862ae7826f34885384eede079e6c9ddfec1ca26bcadabc45aa9
Cs444-d8-65x67-Psnr-bottomuptrue.obu	07b5c14ef6471513503925c3e269c3bad352ce4e8c5ff5c92c2cf6185026cadd	14eb6cd139214862ae7826f34885384eede079e6c9ddfec1ca26bcadabc45aa9
Cs444-d8-65x67-Psychovisual-bottomupfalse.obu	5e3ac0cbdcb231b7bcd9ecb150084642c1afd031221cb0c6cda4f4d55d1b8224	14eb6cd139214862ae7826f34885384eede079e6c9ddfec1ca26bcadabc45aa9
Cs444-d8-65x67-Psychovisual-bottomuptrue.obu	07b5c14ef6471513503925c3e269c3bad352ce4e8c5ff5c92c2cf6185026cadd	14eb6cd139214862ae7826f34885384eede079e6c9ddfec1ca26bcadabc45aa9
Cs444-d8-67x65-Psnr-bottomupfalse.obu	9058c31cf3d02482f4aad577a7fae0de922ebd16efc5807107967e36906bfe39	bf8a9526617440a01929bee47c9bec07be018580b4a3484a1970cbf7f2fe3e8e
Cs444-d8-67x65-Psnr-bottomuptrue.obu	8582b76d605ba8aaf4df83ef9c3b80434411fc8fdfb8be9a48aa6012e2cccb5f	bf8a9526617440a01929bee47c9bec07be018580b4a3484a1970cbf7f2fe3e8e
Cs444-d8-67x65-Psychovisual-bottomupfalse.obu	9058c31cf3d02482f4aad577a7fae0de922ebd16efc5807107967e36906bfe39	bf8a9526617440a01929bee47c9bec07be018580b4a3484a1970cbf7f2fe3e8e
Cs444-d8-67x65-Psychovisual-bottomuptrue.obu	8582b76d605ba8aaf4df83ef9c3b80434411fc8fdfb8be9a48aa6012e2cccb5f	bf8a9526617440a01929bee47c9bec07be018580b4a3484a1970cbf7f2fe3e8e
Cs444-d8-68x68-Psnr-bottomupfalse.obu	d8abec1cfda752b9d7ed2ac99e1c18adf3db2a2f7debba3e5cc75c79e63e4522	9dcbb980a45cfcf14f85491edfc641af26d52b30a227b9e483ac1eb2b1d24035
Cs444-d8-68x68-Psnr-bottomuptrue.obu	f96000da2b7a8f30bef41c5316650690eba917e677589a5a92ffd4e2c7ca8c17	9dcbb980a45cfcf14f85491edfc641af26d52b30a227b9e483ac1eb2b1d24035
Cs444-d8-68x68-Psychovisual-bottomupfalse.obu	d8abec1cfda752b9d7ed2ac99e1c18adf3db2a2f7debba3e5cc75c79e63e4522	9dcbb980a45cfcf14f85491edfc641af26d52b30a227b9e483ac1eb2b1d24035
Cs444-d8-68x68-Psychovisual-bottomuptrue.obu	f96000da2b7a8f30bef41c5316650690eba917e677589a5a92ffd4e2c7ca8c17	9dcbb980a45cfcf14f85491edfc641af26d52b30a227b9e483ac1eb2b1d24035
